id,parameters,time,values
1,max,2023:02:07 16:58:20,99.8
1,min,2023:02:07 16:58:20,99.8
1,mean,-9.983333:00:00,53.019
2,max,2023:02:07 18:19:20,99.9
2,min,2023:02:07 18:19:20,99.9
2,mean,-9.983333:00:00,50.2358
3,max,2023:02:07 21:39:20,99.8
3,min,2023:02:07 21:39:20,99.8
3,mean,-9.983333:00:00,51.4688
